0.307709574882819,0.538193185612608,-1.88496304818097,-5.52816242282821,-2.83288175605536,-5.57884794802896,-1.67542154204199,-3.18617922021146,-2.19406562687064,-6.45416497949232,-29.549408870825
-0.89117767517015,-1.77924237346948,-0.252849307030768,-0.713397144490406,0.682369267777652,1.42905972427494,0.233414921157671,0.459450064195868,0.22535065510635,0.67014516065746,3.97352471928309
1.57613200482634,3.10370224803422,1.16652103121298,3.43611353795315,-0.0680716991570466,-0.18821662059737,4.27209616189493,8.12683122241709,-0.120961895025749,-0.342170478178902,20.3082691080536
0.026884550342527,0.0610325520863749,2.10651255919052,6.2413724890861,0.952717301488763,1.91466968944883,1.21884511617818,2.30027198514122,2.26928975830818,6.68529038829636,21.3651003149861
2.93375885815233,5.81586340905005,-2.5575661672735,-7.58085880260656,-1.95334739172033,-3.84436728382243,1.92186239149218,3.64370820548388,1.93271687267527,5.71371382720865,-6.35696411647757
2.87886486599168,5.757827804828,-2.6267404738781,-7.68867752259007,-0.619447871596748,-1.21486165679792,1.72210356556683,3.29391957390875,0.689803317894809,2.0438448491244,-2.94638420554436
2.24208400360947,4.57055707298812,1.3318909735182,4.0068234477178,5.32850028645261,10.5835186453067,0.0444237611728585,0.0904514198526821,-0.511919401001149,-1.51819063425797,35.9565544948096
-3.9221494557357,-7.78059416592138,-1.45411702696377,-4.27700452182088,-2.25408675209431,-4.51187463774958,0.155335044551867,0.296537229641775,1.75824716376348,5.19707755001964,-22.4582167129375
0.956774349716427,1.94320739944129,-0.756056815768752,-2.27940745139015,-1.74455340346701,-3.48890766267073,-2.72540541440492,-5.17252451230439,2.64789246036149,7.81014127410223,-13.8427943799833
2.04924170992965,4.11680958047397,5.46005984371612,16.1323527653155,-0.470124951076362,-0.952358256240868,-2.82756295290606,-5.36191087708455,2.70468755894928,7.96902733811143,25.4912725323947
0.295234029178747,0.660254071452736,2.23086192722185,6.62714046908162,-2.17678552039603,-4.36129926630702,-2.51674510664438,-4.7959564826437,-2.40621050139801,-7.10912548073385,-8.40528301148222
-1.56949975572488,-3.07147716292752,-1.02682552434927,-3.03022419242348,3.15430692948136,6.25958577689787,-0.896898588342548,-1.69885092030311,-2.94429546684114,-8.69242560049576,-1.45974363589853
-0.130663331321834,-0.317128920865066,2.91005209070296,8.63453386355538,2.36541814589647,4.68292373040204,-1.34580565699616,-2.56958241586465,-1.64939976541799,-4.87293481242446,20.0471645123872
1.2789236292469,2.55692451967699,0.0509273737100891,0.200120803133639,-1.12026746099702,-2.17026688248269,1.61476339901327,3.07547589897045,-1.82538330151243,-5.39041082841402,-0.226230528097685
-1.45931237261587,-2.86228290420263,3.60522184305769,10.7109075342249,-0.883826466223096,-1.80866996932818,2.84670244241459,5.42012781980429,1.77153206275597,5.2320462667252,21.9217044527097
1.54250746895543,3.02532376344353,0.262678182697654,0.80192448705284,1.57357446909047,3.13704606321104,2.69689487675657,5.1255943681517,-0.0563840060274875,-0.160867363514353,20.528725532374
0.646092809614447,1.30071441405434,2.54118692328989,7.46912485361366,2.93284829460449,5.74975892423301,1.32219211085486,2.51440763569663,4.50811393886613,13.3137756482931,39.69081023493
-0.27468269331874,-0.46129261935005,2.14084244450271,6.29944235347792,0.73488756048339,1.34443176612046,-0.219104302948317,-0.43735738625554,-0.96530444072108,-2.83963268415203,11.4153594152377
0.37939271502121,0.781734286764005,-0.186939480968948,-0.549909415785277,2.13623480556756,4.25642521395086,1.29922647465695,2.4820535542605,-0.126590406631856,-0.372377057861064,14.7235722887921
3.5525446293011,7.01138605147853,0.346511192546516,1.05668863620345,-0.451354295033779,-0.912785000727376,-0.987995848366532,-1.88730767252832,1.65640275612186,4.88461406308321,7.82366578786589
0.0223756875592572,0.0005498772321276,2.35254713091982,6.92088711167138,1.15734214080872,2.40895617463873,0.324451809961803,0.608547211973171,-3.18872704047471,-9.40678941553216,14.9319820163398
0.171810583545431,0.32084162082268,-0.147251987347729,-0.424582303637139,1.33117313341806,2.73065884321389,-6.30859528483842,-11.9979875619455,1.19110414776333,3.51238001446571,-13.7107244765307
-0.596823134437313,-1.1361755723116,-4.20835956319611,-12.4744085426179,1.74527642333851,3.53910179313592,0.0820932608586074,0.160715178295575,1.37591294362963,4.0538455739316,-14.0652298239345
3.02226822371336,6.05159791145372,-1.08879993379866,-3.25217620023542,2.72450344379536,5.43737585302752,-1.12303485626149,-2.13215467351503,-0.521100647891344,-1.53323522345889,11.4908373619181
-1.20203414278888,-2.29991349869846,-0.0022504259963908,-0.0617340309111356,-0.20791650876325,-0.362734522811113,0.641070634357949,1.20775432212445,-0.0022672925160469,-0.0137512280598141,-1.80251620057956
0.808112909439941,1.57471494843459,-0.24889399856054,-0.769559623823811,-2.05789862901215,-4.0523858064481,2.15604104093796,4.07523808671072,4.76153183782112,14.0375622330886,5.42394155060958
-2.93995007824022,-5.8250468520013,-0.410397556404977,-1.17180822049273,-0.919771502506776,-1.8691172675726,0.510206094175558,0.970950136764711,0.577536411652198,1.70550804772948,-11.9559383345487
2.64315978839842,5.2713696247306,0.273382916386649,0.793331119892997,-0.888088026363211,-1.77953176368621,-1.16003457810255,-2.20879137960129,-0.417875764171074,-1.24028609838562,-0.12259729138363
-0.638003688763573,-1.21836982428511,-1.69019291416795,-4.93947440138619,-1.39228817697946,-2.75517541844181,1.7531695815811,3.33378629941098,-0.749452174484578,-2.2038834032478,-12.0187144552933
-0.609013618887691,-1.24419385538731,1.94683081408216,5.63311644674941,2.00122353472837,4.00174194620458,2.38032699192819,4.51010130259909,0.0462365198564304,0.138021986816985,25.3981849600282
0.185830900606903,0.365956778590354,-0.655353045236983,-1.96362247075018,2.90683803155582,5.84815707857235,-0.928895759392344,-1.75154324130834,-1.85293224055814,-5.4611012415569,6.1078606371465
-0.494326714441764,-1.01394587422319,-0.713728756412076,-2.09772967296356,-1.12103181549531,-2.27540663497217,-0.522333183519509,-0.993007937519013,-0.3198970292895,-0.958278953953408,-11.3363749728007
0.925957886949154,1.78182652303274,0.406249008148977,1.28576643271659,-0.244848780680603,-0.489470606897576,-3.48673650112017,-6.62599941573008,-1.33014083423316,-3.92980848604303,-10.973310948504
1.77967271321885,3.46399634948379,0.718312804429467,2.07106008421986,-0.718476226677279,-1.43860932045303,2.28406016202697,4.32359877283834,-2.36903667715173,-6.99457281003994,9.45539773586255
0.720718228569676,1.39491621734683,0.246188543905998,0.721673910506773,1.5791242325287,3.17404305321303,1.73232300097819,3.29563756676476,-0.953163090476944,-2.78436655923375,13.679474833175
2.35592657702742,4.69918002859212,1.52445696824305,4.53051682673278,-0.827731317814542,-1.7734352981811,-3.13046022710231,-5.94839086101156,0.605455167024668,1.77432541724372,1.12421142070708
-2.74655154310278,-5.52799158841536,-2.47440840953929,-7.39193549488887,3.46231544609316,6.84536419876415,0.613215270075526,1.17243518657513,0.0574875515518131,0.173010720590783,0.809252183298353
-3.2173146590865,-6.39536599937363,1.46738817522004,4.33100816499871,0.344647861511475,0.689828786661805,-1.19884484791081,-2.28786557154687,-3.08952737717404,-9.12542844521457,-7.62584877109282
3.36299374921554,6.67574236494515,-0.755326733719641,-2.2814288605333,0.80166713913367,1.6592590108273,-2.46897288595284,-4.69325690641332,4.14371703569853,12.2181274004837,5.66720684138389
0.102962580232113,0.185228089248997,-1.43338275492019,-4.24449662380365,2.41437759288763,4.84458314278072,-1.20399818601863,-2.28192134953271,-0.274249526942962,-0.806527883207441,-0.0116337069077007
-2.13497798888288,-4.27594143419317,0.15109206782953,0.426149142849714,-4.07178758485202,-8.08637856358894,-2.19455404644047,-4.17509507767146,0.976073811984724,2.87351076636736,-28.8518747959061
0.740053323497827,1.44867011735166,1.25084218201075,3.62835961941477,1.28522211364306,2.54548647022008,1.21865223273507,2.30672991122259,0.352731825093791,1.02193134414527,18.4296128602547
-3.71374832296077,-7.43805590178242,3.11417131312832,9.16943141979243,2.63906617671101,5.21628391357208,0.578641069240126,1.11874455329639,-0.0198656507791844,-0.0599553950189509,20.6644206011248
0.360107882502232,0.660589029725809,1.59294202549723,4.6351763620536,-0.590800047477745,-1.13407413810218,1.75860804246778,3.34123414209288,-1.98465529550356,-5.8644435180486,7.77101303535458
0.117812566213062,0.264281959326129,1.67181167479713,4.93543105855237,2.50832973335944,4.97979612577227,-4.51927544500308,-8.60181943370852,-1.98105273507762,-5.84293634672671,4.71997199625425
-0.846925329495666,-1.75192541693625,-0.54133922410778,-1.6422729485169,-1.15319021265078,-2.27431455574107,0.571718215968533,1.06343237116661,-3.53163609754994,-10.4140956304816,-13.1659682527377
2.79307009238597,5.56219323948963,1.32765893572899,3.97855410457889,0.403042651669316,0.783170088633318,0.689880604470058,1.32089726816074,6.29403847225276,18.546655156313,24.5914478407238
0.0040961831073417,-0.102127774416606,-3.05488268884112,-8.9778632473648,-0.220373226630374,-0.393079116877754,-0.446385126084655,-0.836336846722129,-3.62933008567865,-10.7186180322193,-23.0998005274707
-0.448046890687765,-0.801261809769585,-3.61603130181928,-10.5905189671418,3.57524654972056,7.16320876636251,0.0385543529609235,0.0860125265048488,1.46729702563947,4.3320216883688,-0.897744523295897
2.8519099455415,5.60357778121625,3.31067375030414,9.80994306243231,0.907990992860467,1.7877534081336,-0.900773385244377,-1.69830575474399,0.243653397272733,0.723767985116181,25.668730292003
0.347160156162063,0.706820477980453,-0.48097259664145,-1.5551828519279,-1.71601928191221,-3.40432330381617,-1.15476550277115,-2.21912648679693,0.379089966683773,1.10992679862644,-11.9329143605869
-0.991637246441216,-2.04130650104121,-0.819262293733095,-2.41722772022669,-1.01358595813186,-1.97118875233834,-4.24810068892171,-8.06310941887268,1.55222269327895,4.57354260769583,-21.2171880710896
1.39128049742549,2.76500882970296,0.867643652160596,2.51500628431641,-0.0438545217333326,-0.113959835737569,-2.06608388268059,-3.92304283533954,0.0108332327650385,0.0366758105021726,1.52882254294896
0.278432642846996,0.516087290757922,-2.40707756347408,-7.11592655695492,4.49973268801334,8.91999435762887,1.87667403275607,3.56857492470273,-2.9501528206963,-8.70161275658289,11.1806634784974
0.973732938582086,1.81205349899993,-1.19638350093931,-3.49242047024567,-1.4180736562341,-2.75501297764226,0.974419334290887,1.84573030512269,-2.84757196414141,-8.39587478622509,-9.45631403305795
1.4664022313669,2.87966567629868,0.696814971852739,2.0885789728856,1.16495711595281,2.36349323900872,1.53368384612454,2.93111797512116,0.373317866243452,1.10772013481801,17.3344973864377
-0.88384383521546,-1.74451895116674,-0.432634027694244,-1.35577780574037,2.50776309600055,5.01837814031314,1.37843739837558,2.60251482547909,-1.22872655923754,-3.62431674155848,9.51253178453398
-0.0525027481309077,-0.0826763644295907,-2.38866446804723,-7.02423484624396,-2.9900037885076,-5.95199874314716,1.49432885333892,2.83629981258713,1.50471334903815,4.44536539225378,-19.1031676367093
2.42487576279634,4.86149603714266,1.14428786404107,3.3832730827762,-0.328909380118284,-0.686895901476043,-1.70849580959557,-3.24430873493251,0.848684439902191,2.48641706748552,6.22380453005293
-4.00588509435078,-7.9612332515083,-3.63560607532645,-10.7310433271236,-1.4340938038585,-2.84094227670859,-4.18573890963978,-7.95563269963195,0.671386528357789,1.97039575312984,-45.9601460637837
1.88909435130218,3.78832178085004,1.43048244507137,4.24153167680421,-0.31233068336597,-0.640490912453549,0.987683237714567,1.88438621440178,3.46268881586373,10.2022274591719,18.0494795311331
-0.524119718422178,-0.985788436122643,3.2051748549465,9.44275059904649,0.772811900281041,1.60472319066553,1.11961726164969,2.12025347402764,-0.462949356576862,-1.36299043152588,23.2453562295006
0.247421770769874,0.406477058932165,3.37466350652788,9.98029115135332,-3.39811392804353,-6.82708601591225,2.18210098640417,4.15788655340335,-1.01648146112487,-3.0058130426534,7.0707757491533
-1.1681904388455,-2.30332882221811,1.21444661653078,3.5147256734394,-0.791049289636604,-1.63552416427244,-0.612935015000831,-1.17421534146775,-2.51114423333513,-7.40971706981773,-4.84089787026359
-2.30519819330106,-4.59896386344739,1.16018636569237,3.44867518270524,-0.971454984245258,-1.91100221078012,1.99083323039244,3.78032876302665,-2.50468719132556,-7.38819200635685,-0.913553701213628
0.219785333838542,0.458841311654045,-0.583537506672226,-1.68062928106199,-0.352534930931489,-0.747651380441682,-0.412374341861298,-0.776543983824127,0.879258128067174,2.57604810620851,-4.84601239169942
3.6382689446137,7.33384665253472,-2.33639056543391,-6.85173841917923,0.351199739149117,0.600415728380904,-0.54517871751219,-1.01936147651894,2.44511845727042,7.21170956988818,-0.811939392563985
0.0489868393237716,0.184487242992137,3.3093901608957,9.83377600613598,-0.463419452989484,-0.92562101258006,-0.0145548340858456,-0.0118828514274017,-0.230781687996871,-0.677248906031881,14.5903049175581
-2.91683241322919,-5.76475781770897,-1.75523497596403,-5.30470446292574,-1.14030812973784,-2.31604813929371,-0.275754787387399,-0.527808058448668,0.610097959006029,1.77846026063365,-21.1398617311786
-3.02583610637725,-6.03688137310738,-1.11750291686043,-3.28373832562833,0.374135721444272,0.832506954480724,0.911647182231516,1.72543868608748,1.01751159664852,2.99753356031358,-6.98194268981567
4.05741550329893,8.04110355431509,0.0092669260971419,0.0539842649346032,0.0061584667450624,0.0183809264335736,1.76545004729335,3.36161036818687,2.51030505205663,7.4033038510508,17.8994438379647
0.169117549024963,0.316101308117053,2.16029946404789,6.44011376262541,1.73659796629077,3.37985740609678,-3.14108224655617,-5.95866124965198,3.47997635046501,10.2810071310463,14.4398303375432
-1.75092642910983,-3.55196949903509,3.68004922028169,10.7762654683665,2.10451769191718,4.2014992289984,-0.479050238323641,-0.894932180627324,2.30294491667602,6.78426710091826,25.7553496335865
0.168759583477821,0.297590492926999,2.76315490800965,8.11753092070631,-1.33547386833545,-2.63524769303266,-5.2719612817219,-10.0415983926344,0.644206890848601,1.88799616085023,-6.37703909342283
-0.72898036793428,-1.51609953354765,-1.95965305290151,-5.75448779317237,0.672569406940238,1.26845600084409,0.839872954101401,1.5930349251794,2.58296291581998,7.61487700915308,-2.42089416787957
-0.545140010040048,-1.04383950673577,0.672039465871812,2.04613029747306,2.39672376668352,4.79574859071561,-2.07902604493707,-3.94885803576458,1.07064834268683,3.1592009402682,8.68020916229346
-0.0532273543998202,-0.0810612929249089,-1.80632708710815,-5.42430559386566,0.455926187861983,0.928075813120742,0.398115443366096,0.751173043150319,0.949645079185897,2.81580964673035,-4.78078116742554
4.94859521067063,9.90576463154198,-0.987666590201929,-2.92839921195044,-2.00441556505235,-4.01902368417212,2.93983554172541,5.57181748031473,-0.622988049610449,-1.84458373218781,5.31021121224583
-0.0858696200737796,-0.184209488866098,-0.961637668985501,-2.78004318839751,-0.485895461366551,-0.959258487898729,0.0426630579542387,0.0712729371322859,1.07126848390161,3.15970944797548,-5.38442102302203
2.12134265163803,4.21371662197968,-0.350255425985803,-1.11986554689991,2.84890124201784,5.66681787865065,-2.08838049840614,-3.95601588479651,4.00414909208854,11.8045803451986,15.6573920702784
0.566555695307424,1.0542170420891,1.21721499092937,3.57630191045636,1.23163208457428,2.41869348860506,3.73622974921325,7.10932631359344,0.908303644205248,2.7039240438894,25.852692456642
-0.977512809126651,-1.95106472101037,-1.6073566733087,-4.68621114743118,0.0778985698674584,0.145409666353609,1.83397008857239,3.49550902516201,5.39423290426381,15.919161595697,2.97534079540313
-0.982126100935973,-1.89491342265201,1.39839991142839,4.10818055370193,-2.004986713945,-3.99935011998979,3.96849883224731,7.54133892997853,1.27723491810759,3.76302115747541,9.09963457429028
1.46596660331295,2.96678210532639,-3.62074677471658,-10.6128938357023,2.3378125397288,4.75232498977137,0.468827733634392,0.886708621151224,0.566046674410566,1.66050908507395,-2.36042962462137
2.80622950881056,5.62547327293062,0.772717969885054,2.22816158259277,1.95537199721638,3.87949219014904,-0.389706273257509,-0.735957168816349,1.43951609854755,4.23849133371582,22.2303234201242
0.113728157452118,0.211142035302044,-2.43037089347126,-7.2208765496688,-0.738138735672858,-1.4910042713204,4.81193668367553,9.16067507701655,-3.37659203428575,-9.97396044842966,-6.99294781283969
-0.201179150300702,-0.419702173060701,-0.289602714434888,-0.924202716171132,2.26366195404574,4.54000033401038,-3.94021180203868,-7.48965766039948,1.48415009440547,4.37449218447803,-0.400718546617454
-0.181335812593047,-0.325919657022814,0.525352781838461,1.58216662186214,-1.98070120886045,-3.95391375339807,1.82998263079503,3.47005336787566,1.63074666818605,4.8118367643999,1.51786133915233
-2.64184933935585,-5.16357930610862,1.45037237761617,4.24750755757925,0.845218969923041,1.69121459063219,-0.263465456926456,-0.497068284843047,-0.893461628736978,-2.63147006151283,2.82706103420667
-0.339051095435964,-0.67621258778567,-0.796687702061895,-2.40470530946708,-1.37063217383176,-2.67083400707679,3.69895634037389,7.03207092487549,2.02130992532435,5.96607960268201,3.44359886015224
-1.5535616461069,-3.09647755170849,-1.3970050401336,-4.09888825888953,2.20551763193114,4.33881372632184,-0.791307364244714,-1.50581343447494,-0.610473892004584,-1.80477546710843,-4.24657914069017
-2.77044155150436,-5.42197267605659,2.03916533463183,5.99287319504444,2.1984230148627,4.37322084338883,-3.08917734596576,-5.87782976741055,-1.07264058576818,-3.17672861587976,3.26221356183542
-0.861260932058665,-1.73338090935923,1.45907621377458,4.27652279286956,0.2548986955628,0.562326558740875,0.0961867720326282,0.188137959973062,0.935578803985689,2.75746009146628,10.1008960755925
0.206295113816804,0.453552726000591,-2.40280682847836,-7.02973946518688,2.38952573116028,4.79302329629834,-1.50765710375562,-2.85883955033506,2.02547503069013,5.96848154122369,-2.34234075006816
-0.038647554953097,-0.0175669157568469,0.478014855412027,1.45528821835046,3.1016501569812,6.16147558495993,-1.79114758678914,-3.39285884933983,0.663414622179566,1.95212542510506,11.3019336882342
-0.123491550169346,-0.193317314070251,1.13219309621324,3.30961144507452,-1.2255625950608,-2.54200639609034,1.59522026311902,3.02773683518546,-3.31893152090787,-9.77015584020555,-0.946245931989383
0.0539782164148442,0.163733553401902,1.79868400491328,5.291004326865,-0.844405578899541,-1.7551589552073,-1.11844907513505,-2.12832104375367,-0.637445913951914,-1.88547604315991,-0.149477780025004
0.526117984243824,1.07395786799586,1.79082224924101,5.24485174060692,-1.40118484756936,-2.7837788642126,-2.73254132541376,-5.21791472919557,1.38772870349404,4.10683816343736,-2.83720226845371
-0.724943501161108,-1.36933753323661,-0.777437177312853,-2.20922651745017,-2.55200239679293,-5.04989957975253,-3.01118967205005,-5.7280177493668,0.459720777372043,1.34109118730218,-26.7832532321095
0.175902081267635,0.356655514066845,1.99474369744935,5.92555883445763,4.58191700335991,9.04093056384989,-0.770420763630812,-1.45875359093723,-2.49098484209704,-7.36095902277401,25.1405919543459
-1.29422394405975,-2.47313768809471,1.46555334813172,4.31539346455386,2.73066843331929,5.48776850797409,-0.130055923232226,-0.262855079127332,1.09511781370034,3.22605408278465,17.7475645296764
-1.20374027224905,-2.44588143868679,1.93139457718798,5.67469188999967,-0.784576828840763,-1.58087712752637,0.999108051152426,1.89374331338989,-0.398013112987938,-1.16406612458922,4.99517286238248
2.49111142060434,4.89595950320449,-0.292275600818639,-0.881344348598263,0.506051046040834,1.01674950926128,-2.9834028292737,-5.66199448176189,-0.299469398723573,-0.871548532888211,-2.96674787943872
-3.07606708217008,-6.15902243134625,2.56201665756687,7.64354112823757,-3.02618448635989,-6.02078720509708,0.54570622501674,1.03236265188517,0.657957983671232,1.93815681092236,-5.63730854569894
0.248434739939692,0.492555518185516,-1.27193490607523,-3.8064970987087,2.50472761341013,5.07018510690239,-0.058908882836262,-0.112912638700907,1.5233792422688,4.49999408015221,8.47029823048975
-0.521047993200113,-0.982235296907507,-2.68083591950747,-7.92895552959424,0.831003543986185,1.68829892925558,0.901408067349446,1.70354394571922,-1.90145615308286,-5.60400904436147,-11.6718104963019
-0.568585585882006,-1.05627172647921,-0.926983591473491,-2.65217957836695,-0.0631832368044201,-0.145735303870343,3.46656839404553,6.57902355435181,1.56155305178728,4.60677690264089,7.68409680076214
0.793752227513507,1.51835353687616,3.64333085206687,10.748814315285,-1.18178481130959,-2.3187290881142,-0.932804405205892,-1.7874553804283,-0.933501139953349,-2.75871675625207,10.9417613518061
-0.0170408222271199,-0.112786605587848,-0.461290141522751,-1.38511796499252,-0.660997719026493,-1.34278397820509,1.80736513756092,3.42122992062583,-0.195749571583861,-0.597158428565561,-0.0802258625227061
-0.378211743520637,-0.757971226064537,0.101689804786223,0.247945314646155,1.79185249507395,3.45104354612849,1.46336243185942,2.79384119358729,-0.744498545965106,-2.18938169643069,11.966857905344
4.08201620400254,8.13754674828004,-1.95903110487738,-5.75510811608051,1.3635265106565,2.71474604946764,1.32363561395899,2.51359583114801,4.147640119255,12.2380636756808,15.6922813594378
2.11353257528921,4.16907525413938,4.28034965439991,12.6723031751216,0.103967119894923,0.265548829333381,1.48843622537216,2.81048255727681,-1.97916177261493,-5.85847773615601,28.6673729188526
-2.42624357747026,-4.78833140915116,-1.36704994971564,-4.15878849503086,0.794561092779743,1.5635152463592,-0.298661523653155,-0.584263499018111,-0.465127623857441,-1.36582216442499,-9.86527935104961
1.16068141221321,2.30585046581222,-0.31679720218688,-0.927302285353718,1.25321996565357,2.45415901495384,2.53433280543351,4.82314270333082,-2.21779459555664,-6.54027900990156,10.9610618124541
-1.37646340748048,-2.64616866581028,-0.249310383544299,-0.761586096359172,-0.205648142448367,-0.398381378818294,-1.3810152828171,-2.63350341218268,-1.58821939756457,-4.68957088915742,-11.470406526373
-0.386521280523217,-0.70297466314863,-1.21703986186871,-3.65153429648638,-1.4691816969732,-2.90117617190465,-0.659182633627345,-1.25153367036887,0.966140598347964,2.83709443133453,-14.7405841471367
0.594203859011377,1.17717709446325,-2.79404349368912,-8.18622072891573,-1.7168726171292,-3.4176713630966,2.89491564610552,5.50022244165125,-1.05640362572936,-3.12039638055846,-13.4055798234208
-0.404538189860655,-0.833876174990629,1.53887899012907,4.50264612569737,-0.775504821063772,-1.54026756459147,2.67856075887627,5.08955264324499,-0.205231453796159,-0.602348903727853,10.595831858325
-0.354767375590039,-0.647818471522352,-1.82927219043281,-5.45527307549489,-0.330645792156818,-0.647568165963964,-0.109619757890634,-0.197226853971683,0.0539154148190839,0.162829627547767,-12.1609281669338
-2.25595210604528,-4.51953373075084,-1.93456647140542,-5.67687430989646,0.542965072272675,1.10773010833144,1.07382065351157,2.04397053656215,0.366989557766657,1.0835599212228,-9.1020628661543
2.31455384406481,4.59670852654641,-5.00958162494235,-14.7867484950722,-0.0768768693937175,-0.0973539369645856,1.51681965219057,2.89195857022918,-0.467996650557493,-1.36713670578556,-15.8197531052434
3.14792116366951,6.32774131096879,0.680326805174771,1.90605136260362,0.36167921872441,0.68491863243492,1.66756345437848,3.17647760881244,1.93114860751835,5.71749137266442,20.9742878282414
-1.73948478137092,-3.43346075751542,-2.45407556088963,-7.31663375052914,0.468107080177735,1.02188725328388,-1.89534229956521,-3.60845939240127,-1.77230280117943,-5.24042282569292,-24.1990041157234
1.49769122792192,3.01553692153689,-1.71898348694987,-4.98173393400964,-2.30754540187413,-4.56626906426643,-0.961933482856702,-1.83365744795632,-3.47689268053408,-10.2342413811599,-23.7422132469072
-1.01246912661304,-2.00588206322221,-6.71706123205697,-19.7271913272617,-2.50941906928916,-5.06494572398619,2.96818370335151,5.63842985750063,-0.411104705014065,-1.20288954890904,-40.9119426638574
-2.89340135486869,-5.73760737872152,-2.83537399554642,-8.3959319264393,0.960080699856718,1.87960896732148,-0.125705726353188,-0.243964391480186,1.66715646813335,4.91199498247263,-15.3312480984277
2.34783032746659,4.69909544777746,-1.30116822635193,-3.88409912135149,1.9316016327156,3.84735519206812,2.68501449521906,5.09587222285054,-2.57772483698126,-7.61741760379049,11.5974062529777
-2.43157074893157,-4.88617976755001,0.0094706091884435,-0.0600498761730443,-2.3631651973609,-4.71634242602033,-2.18883969887301,-4.14305519278039,0.828896773792106,2.45136555946807,-22.6871651063082
-0.415173842483697,-0.797860040916632,0.808674172865485,2.42597572986428,-3.43124095562686,-6.83139627414492,-0.392949892885135,-0.768146849360816,2.47049895437823,7.27612574049232,-11.6605224573913
-2.66078380887792,-5.34825303302026,-0.945351538879628,-2.84480033680889,-0.55388118979148,-1.07541728556272,-1.86130924854699,-3.53361610475526,3.16417190004643,9.32375188379228,-13.7061157647507
0.0429170791424346,0.113322656342756,-0.677499363225103,-1.96524571499208,-2.18816026463212,-4.31586897369502,-1.24293954051217,-2.36824554934201,-0.81589212736083,-2.41459631201852,-18.0801586890111
0.429073279432092,0.830762187957345,-0.992435338347411,-2.97541406666559,-0.485941051064581,-1.01790725050432,1.18572059955423,2.26540158280985,-1.44307724727771,-4.26491687120079,-4.59464146569495
-0.666256346344358,-1.38493037900923,-0.423507143034079,-1.20664338440443,0.9769239421707,1.91121989321756,1.37642216436985,2.61315658942169,2.51310758764717,7.40896964427149,8.52718565818023
-0.398035887607288,-0.759524872160053,3.20333070443843,9.39649821150268,0.513536380182443,1.00959468111995,3.37188451182191,6.38708546165397,-1.93654654720361,-5.70115745647009,25.1023239585257
-1.31429228352158,-2.67452546685174,3.1201893835708,9.19039581576991,-1.81419492394837,-3.6808818307269,-4.44273888086056,-8.4307317566337,-1.4858586014287,-4.37102151008126,-11.3090777805298
2.27983018320896,4.60164512365021,-0.216326109628062,-0.586085048033851,-0.381638726296543,-0.632534758776695,-1.66180107169893,-3.14457899442572,1.51610154053218,4.47736977069206,0.669511944781901
-1.80077139414206,-3.468185833797,-3.24735414036866,-9.56843393380972,-0.878472987357661,-1.6680270870846,0.235690867775933,0.43825123264429,-1.6681558705356,-4.94112482146081,-27.0233173828137
-2.02522643240422,-4.05884142635193,0.923148904602821,2.69956394991183,1.18513845587866,2.4633809639812,-0.865166543223467,-1.64606661380783,2.09444265181811,6.16848884790358,5.72150881075195
1.3486912276144,2.66075204293409,-0.132149516349984,-0.397296691579931,0.49129277604055,1.00915644883902,0.767715056211338,1.47792229753105,-3.63101308036028,-10.704482320376,2.39775665152519
-0.16288384903517,-0.329962703354332,-1.45819576972445,-4.23938700091331,1.62213680802525,3.33058187584305,0.385066597529162,0.734381470728676,-2.60969456070355,-7.6981761946951,-1.47724035449714
0.937181259523343,1.81697344073379,0.491964071384678,1.47425712083487,0.398867962804371,0.81209250458011,0.28692991951398,0.533411524519734,-1.26723579774755,-3.7379575501485,6.25959518223044
-1.31845055170757,-2.62316052105366,-2.13602236294695,-6.36834466948932,-0.701108921936893,-1.461198747575,1.23219069448908,2.36264577138822,1.85663666349878,5.49599937402425,-13.3562514930419
-1.28884363694682,-2.59196428805209,-2.5550697376346,-7.52218290618045,1.41858504027571,2.82154188930872,-1.16261374701067,-2.23096986902456,-0.0492939150842454,-0.151241813494837,-14.4970297145335
0.258105097824632,0.513325089822835,-2.31649888341293,-6.74712237493791,-0.615753525262962,-1.19514545824618,0.825500846273234,1.55944047537869,-2.66061678517946,-7.82803548904251,-15.7046850687017
-1.32601209687382,-2.63243864828044,3.09809422675323,9.16975840971467,-2.2829282004033,-4.62903631876333,-2.88777821733603,-5.50654257695481,1.40157121907614,4.12884611139568,-6.89792572586421
-0.756210494841478,-1.49271353687244,-0.236180213502907,-0.710877894323159,1.63000706885563,3.30482622043789,2.04052850509521,3.86783512153176,2.30996469938917,6.80821124641699,13.8416834817823
2.61547181013935,5.16918636120171,-2.30004918909372,-6.78310877095148,0.709116447775932,1.35812321336647,-0.985255386270792,-1.87216072137347,-3.33284045588929,-9.83623535396878,-11.0248546415684
-2.94001518710091,-5.81356444891421,1.73128215216892,5.10681147911333,1.32537648601745,2.61454771398855,-1.27163492352315,-2.42216765918318,1.70641911926967,5.05052569190189,6.75755714784219
0.364611020748485,0.651332894190922,1.03457708795534,3.0961618276394,1.07697092909646,2.15426694644573,0.754264851186275,1.42603965187372,1.72488043158402,5.0811462568818,15.3366746577972
0.603910508599507,1.18162466041705,-2.36850191293551,-7.00079138131781,2.27191521889031,4.58516471294806,0.290439268121883,0.561143003465502,1.03049928873388,3.02891394993954,2.04614851451062
-1.63080789009667,-3.31212032209238,-0.919113680361827,-2.77855665214059,-0.254951250734085,-0.635326105106463,-0.377148394193824,-0.733857355639523,1.38807102222339,4.1034203971105,-8.52354662786609
-1.60174063274795,-3.23669682799182,-0.705291017219643,-2.12170024757989,0.199517421706418,0.500169438581582,0.560819413872624,1.065005845574,2.19811220535088,6.48255928774389,-2.1149098679006
-2.48082544768755,-4.90658469140463,3.44595321724744,10.0678178038707,1.10100853887815,2.1923361645851,4.91659003229583,9.33364956355416,0.88819071083838,2.61685168435529,32.9044710001682
0.729179996460573,1.42649923901528,-3.15442520289656,-9.20515877179839,0.469873932278488,0.97588131103857,0.368511257658306,0.691323905158928,2.06537214318045,6.07514087948552,-6.06108898719815
-0.70278511666135,-1.46118149572636,-2.49741498306116,-7.33240867282546,1.88064359651711,3.79845120202031,-1.4598070884711,-2.78248687005456,0.340540748414224,1.00857416604604,-9.58334099160316
-1.91895102380104,-3.79572058668554,-3.86799521730542,-11.3913790490764,-1.30957079321886,-2.64002829074532,-0.905100684411572,-1.71911991746507,1.55849446082451,4.59865126164887,-31.2919401906253
-0.662019110677718,-1.28937224426139,-2.08720582419,-6.13688455997456,-0.783150433635148,-1.5996130267175,-0.400084233132031,-0.748802748674251,-0.985780767185849,-2.90227069503266,-16.8599276244251
0.498492712247865,1.00140605774349,0.0098912552742121,-0.0237979393630967,2.05770524838437,4.06087599005957,2.14646134008124,4.07905189133386,0.772524531678582,2.26768583625896,17.6557937899664
-2.42998646039236,-4.81203755466633,1.29067978532184,3.81198906412856,0.33197936014179,0.661285512391838,1.23167422036287,2.35786040027817,-2.45521993862969,-7.25412273063648,3.24492811547369
1.16337601068997,2.38158086848138,1.06972677458209,3.12613663864618,1.3480642246241,2.73344405418422,0.800258186645771,1.51634360149472,-1.03138072535093,-3.05690050544015,14.8732350717597
-0.85525361856442,-1.74443862504765,-1.45628000417565,-4.35618418935359,0.2206567855455,0.45474559642844,0.774869192533185,1.4658772001422,-2.59079012877315,-7.6416700519163,-10.4427865060288
-2.13295224566569,-4.20050635501396,-1.52794614418884,-4.41491136728386,-0.66426289040556,-1.31279366249802,2.60973164629605,4.97150412496706,-0.472277676616596,-1.39942852869832,-8.03109232128029
0.204005911284836,0.419003072136075,1.62281888328108,4.81005613801598,-1.27536021957708,-2.60136027972552,-0.361047365194922,-0.688761527811768,1.8048665253454,5.32449422480175,3.94919572452386
-1.04837324181683,-2.08245526727028,1.24549319994601,3.67718738747,-0.492062772283579,-0.980801942618051,0.87169469833279,1.62951817624942,2.80241429785841,8.26577221397158,9.09654071588367
0.221210276269213,0.439329770901431,-1.03885848836165,-3.06407676961622,-0.765396061981613,-1.40285750322271,0.867963435988312,1.67060083094393,-4.10145951325506,-12.111831080857,-12.2000352421043
-1.41137211203998,-2.80362977591748,2.34906502642562,6.87458706989445,0.265125895614914,0.575764489815087,3.09133770678824,5.87760325651525,1.38882433393996,4.09924790210911,21.7973762895783
-1.58848884829825,-3.22947079691444,3.91260370453068,11.4999516547746,2.13724792845149,4.35542314851659,-0.262957921472911,-0.494546982853241,-0.516457929989597,-1.51226844448477,24.0416585301329
2.39625276338722,4.74307030115655,0.278220624924432,0.819050560014706,-0.266949803509571,-0.482556490509234,1.50992033781793,2.8680514964299,-2.09053736508476,-6.17010044529773,5.93711813290405
0.269375324816488,0.545369301138959,2.079310353967,6.16560574765617,-0.342726922738453,-0.698575986276509,1.90484618556029,3.61620506035201,-1.83800843198738,-5.42473968542366,13.4953879545406
2.71159863124468,5.40232030381325,-1.95810585940478,-5.82725010041269,2.81594518497282,5.61138822114994,-2.06436409199082,-3.92637567675266,-2.70606495296177,-8.0001988274379,-2.20615442241722
-0.397957409589338,-0.707411004960665,0.882824779857929,2.55738190036218,1.21641801014962,2.40523159972514,-2.78147829814408,-5.29161196334351,3.47432355851092,10.2423867635365,7.00710623842871
0.926091757286667,1.83692157451132,-3.54240392531031,-10.4351386157332,-1.14017000492641,-2.33717428863927,1.76877089185465,3.38181824235576,-1.37617511562181,-4.0375978689472,-18.0128689034911
-4.39049943948275,-8.76126779538671,0.572751117505065,1.76451836244232,-0.983230689177824,-2.0305564618239,-1.17355069293321,-2.22723483330792,0.887777084804729,2.61900950373615,-14.8498844619142
-2.31393823363553,-4.61357531084986,0.559883450565058,1.71580415650236,-0.841248504988646,-1.72138608497535,-0.238105571469471,-0.45162469918985,-0.590635139517464,-1.73328199781748,-8.67107965585568
-2.32736507028039,-4.60400395754124,-2.98969138968797,-8.91527272578806,0.24470045382951,0.423742381889178,1.86054443475054,3.53428612522018,-0.483993069677245,-1.4472730689684,-14.4297119703481
-3.09328894708839,-6.1410469839595,0.828196183588671,2.49634800064476,1.79422882352631,3.56617970769129,-1.88439967027421,-3.57548201332253,3.39445734851089,10.0204999992536,4.08409791604592
-2.32986597610515,-4.57223355758498,-0.868872372346036,-2.5012536145277,2.57999076775874,5.10318370911743,3.47873079898081,6.59102512854783,2.3210391135623,6.8307492867747,15.8777300317403
0.490820909590629,0.89165060123421,-1.91194489784674,-5.65175345559094,-1.04958700944061,-2.04376887225861,-4.89803218772925,-9.31809110738713,-2.13135269795086,-6.29271861742528,-31.1394998803077
3.47509890009219,6.93831709801183,-4.16996628034123,-12.2852192761035,0.478379856602226,0.975108199587792,-2.19762848253134,-4.16714728502075,-0.158284618431825,-0.487467177045838,-16.0287239136339
-1.98915270177867,-3.95128255282783,0.0512175776225102,0.251773256383887,-1.83694493190158,-3.59664753971962,2.92107765431787,5.5515887371949,-2.00888893499854,-5.93242667724638,-7.83350777229155
-0.984282691249861,-1.88128927493884,-0.113687143109473,-0.290761333283468,-2.73100906333517,-5.41033190539606,0.257896564815296,0.493887801337973,-3.39526170628687,-10.0111300459247,-20.8021406005367
4.34926454813288,8.64385207333495,-0.121825197766397,-0.417155269028548,0.637812567450708,1.34583133986673,0.845720008493059,1.60505063827152,-4.87946931290384,-14.4037370482283,7.47127559549521
3.76934198152713,7.56420217725982,-1.37541560622189,-4.06599067839093,1.18877579788468,2.36904590188713,0.423664780944504,0.798425136203429,0.363571467259384,1.06691153774536,9.56767525644122
-0.527643642458182,-1.12945947098056,3.39124949357161,10.031155228023,-1.05045732040234,-2.01717710105977,-1.85022511124512,-3.51123395042044,2.9077725797309,8.58607291304311,9.91281762209942
1.12170543888698,2.26004702293562,5.76654706473849,17.0210784728359,-0.338479176702899,-0.670703861097946,-0.129278689681655,-0.238305593813423,-2.63350404648362,-7.75791603455241,24.9060068921572
-1.92437484343987,-3.80780692267807,-1.78283107276857,-5.32743143606695,-2.209106208008,-4.34864565081333,-0.551111868770841,-1.04948896457225,2.49006962709832,7.34667162887261,-21.8290938132827
3.02754784969405,5.95867634359514,0.201805334360824,0.614175257724324,-0.716039180128897,-1.48005392588104,-2.49734402254191,-4.74805409744679,-3.08107054551854,-9.09999889604168,-7.58815470773882
2.67604842061331,5.33220068611128,2.54399922809685,7.48896511149939,-0.957889270469768,-1.89070067952542,0.667402679800976,1.27305940810823,1.63562664693231,4.82471536238625,18.6979579153374
0.857654384306528,1.76054807791434,-0.635065154700937,-1.89991474703311,0.929470202369031,1.82665112918447,-0.737610014177172,-1.40848572226691,0.459081653026318,1.34416284561136,1.11234874612986
-1.39279881980368,-2.76487079707227,-0.639818537799163,-1.84497269621793,0.195059973985128,0.430368203299299,0.284847088191092,0.52792529598859,-0.928921949568101,-2.74811806082583,-5.44906227696261
1.17148575607301,2.28187207844857,0.865123303450927,2.59530184614121,1.06929164855748,2.07348841977382,-0.0471493456975846,-0.0929678376878493,-2.28528495649464,-6.73226227937949,9.88154437986673
-0.408705401217547,-0.837376341324429,2.01378344402095,5.97346721482713,0.352739152153906,0.672594076595364,-0.54849176080468,-1.02794795823015,3.91458787129494,11.5510804639252,15.7497036994347
-1.34390944523722,-2.63892846585106,-3.81209341904782,-11.1570406636243,4.18870264523871,8.28723571987317,-0.0907877834220158,-0.166728057345652,-2.73966478233875,-8.07315750993081,-6.02740548692666
-3.17639893259173,-6.34046721448984,-1.02497752396877,-3.06316721197495,-1.5152886967825,-3.01851261395965,0.587492506533379,1.11527379294652,0.354082633778537,1.05835064158231,-16.8274996172195
-4.93640175026872,-9.76003894060428,3.34802831171989,9.84699441549687,0.490909139139258,0.899115318552936,1.38678000997538,2.63794543084166,-0.53410133841026,-1.59085520570148,10.8371263144758
0.612424029788476,1.28365251515784,-1.78832508271904,-5.24217096808215,1.88862883568262,3.75817761884279,0.974773489833925,1.84960653071051,3.26420694371141,9.6187788071983,8.19206711372186
-0.12067058601899,-0.263742410990289,1.20181452784271,3.65763853837126,-0.378121126389439,-0.773062507604555,-1.21366720878753,-2.30996667290565,-0.728934125867475,-2.15971707842037,-0.137854105282922
0.080197912787796,0.121837101362666,0.860781581688887,2.47675679841179,-0.733924115109526,-1.51290607277765,-1.53045617499948,-2.88695152456424,0.367983804297036,1.09601062123379,-3.06135197479851
0.196591049900186,0.392806750946316,-1.61622240009867,-4.78500364684383,4.50241323144059,8.97721835890197,-0.489765973545771,-0.931851379621602,3.37364116779754,9.95758271340767,14.9066908283496
1.65519311965981,3.30406582287472,1.65764131178497,4.96524284184097,0.130928507139855,0.22125011759232,2.22056039149403,4.22246780964404,1.13478096520453,3.35763186022207,21.3500010349678
2.08426402285801,4.14199669371247,1.55381438780108,4.54213869130426,-3.24199688182865,-6.4182557719441,-1.73021130578393,-3.28467297034706,-0.251377997662643,-0.734120628933563,-7.48368592859435
0.504975346378934,1.02622588813446,-1.57692691500884,-4.57258027381221,-0.638818123657934,-1.23099186391434,4.49220485839899,8.54740250638369,-4.0667067503055,-11.983319108422,-2.31824036620872
-0.188803746601918,-0.454499030846058,1.9197315541342,5.66610882339238,2.68004648218768,5.25266950503652,1.78677573604228,3.41087525760203,-1.55794051814823,-4.59503707112421,25.9025007998881
3.14353315509526,6.32391900825777,-1.08970472626979,-3.20176495083638,-0.0681820934817225,-0.179516354498492,6.34713770900682,12.0729356645596,5.90614596369539,17.4234138737261,30.061818806933
-2.34314326676414,-4.6667083806355,-2.44346702715278,-7.17972512297348,-0.137929633463689,-0.341811446171407,1.09580305132945,2.07191743664962,0.596748954730153,1.76130581126724,-14.3622025376861
2.22539482625297,4.52407372605012,2.27053723988113,6.71051199311884,-1.39605664426932,-2.76127041021255,-0.560654317911852,-1.04944419784977,0.702067107379391,2.06617461182113,10.8204869131402
1.40298495705928,2.75930287012161,0.206321103569462,0.634089216732899,-0.321799871775399,-0.717409205621804,-2.01666938054465,-3.81341813168663,1.1402869999822,3.35750820815721,-1.7399086043115
-1.00362491370558,-1.97038413564826,0.491696892860339,1.48250552371492,0.172951243550461,0.387168753961774,-0.396750444802583,-0.761557484123965,-1.107053789007,-3.25479972333213,-1.36953618232116
-1.5956803804595,-3.12101744656272,-0.0140576635114013,-0.0146003360211817,-0.113901631912192,-0.165351727144668,2.71480775541002,5.15365114393341,-0.630598564931472,-1.85838834570726,2.34581076815619
1.50304784838347,3.02360416769676,2.27898039394153,6.84355861483399,-2.597067232378,-5.12067019380218,-2.8909087210625,-5.50106626533832,-2.45443396094934,-7.23322450216916,-7.89249213077348
0.40275747019084,0.797584451077544,0.749154488035658,2.2151350130299,-0.712114063724391,-1.47662679425098,0.90416413654412,1.72401207500646,-0.797815696495599,-2.34449613922219,2.01600281374714
-3.60877495112101,-7.21120270576834,4.10419465509404,12.048399890996,0.442534841277129,0.872987400049593,-3.77180706253806,-7.16444133759444,0.401727417113309,1.20467033403995,3.452567373951
-1.999243500716,-3.87156617024155,1.00424066528531,2.97999778257423,-0.607395831535153,-1.20393936030066,0.558954785241075,1.06321043498951,3.14614450007806,9.28893135822876,3.93366701827085
-0.131808950755949,-0.30846665519879,0.954674795640003,2.79870163416421,-0.283219456544508,-0.593584314129077,-0.0070688819573662,-0.0308542299560589,0.5816917707306,1.71785021542735,4.19533095395536
-1.09276438390555,-2.09966807669616,-2.31339327264062,-6.78612575311014,-0.899818034356593,-1.8331002327906,0.0377654915550882,0.0814330509628983,-2.16927262385221,-6.40758406493384,-20.8694495624446
-1.78240980349149,-3.52224523390899,-3.00554133288569,-8.82355686435132,-0.20351025108108,-0.304449636513083,-0.946083920467152,-1.79273235857431,-0.670826673924787,-1.97412078332501,-23.2122157969618
1.96529422381625,3.86473354928581,-0.315342552281042,-0.922875376360323,-1.90983386981691,-3.80200851299825,-2.29775924739562,-4.3664032462798,2.45452702652936,7.25231273010954,-8.65045451957651
-0.580690182668554,-1.18175633740876,-0.660470795198641,-1.9550751303268,-1.46511150778306,-2.89579181292016,3.37719335495632,6.43173810671075,-0.0626828602419741,-0.197869742957451,-0.417940657792326
-0.959467938281052,-1.90676025536587,0.312671123312475,0.872923730750433,0.288445701052301,0.579392351383798,-0.275168323163173,-0.511864817993836,1.78474106272918,5.24463090167058,1.99090928274389
1.75008423262466,3.54671105416205,-1.79278819570236,-5.24797494963519,-1.91144463272532,-3.79258855245982,0.751321728869971,1.41851092346481,-1.40739227377981,-4.15952154603113,-14.4878527824358
-3.99415874312331,-7.961496127425,-2.16637612528484,-6.44809855808872,0.172643256564618,0.301706150648926,0.634138312847606,1.20982825834775,-5.74071252449329,-16.9525967130091,-26.6345587978026
1.31000901869358,2.61271555952334,-2.00605059798761,-5.96258669195321,-1.57443907272231,-3.12596874457947,2.758766145064,5.25733196028723,0.0669398819034643,0.189326322451395,-4.91602309379272
2.05742674012983,4.10920922802662,0.652651715944378,1.94327901644006,1.00633603196785,2.06881903331125,-0.659231847438902,-1.27769114237652,1.60182305090681,4.71930079346337,12.6677100018293
-0.13416061855151,-0.24999660929625,-0.581670662632736,-1.71575888941386,-1.00936768976742,-2.01592517918783,-0.280966719774237,-0.553916578374125,2.2040289088367,6.49552452691802,-5.77206077103455
1.09001282385339,2.20479049248968,3.33415023731019,9.82357497445626,-1.81508146758282,-3.64163985028867,1.374298523102,2.6053239933583,-1.5939187858111,-4.69905668695498,12.1910122492751
-1.92831726647809,-3.82897597167953,-0.512294962479572,-1.4389983266735,-0.155955171998131,-0.267701846182902,0.578048421316739,1.09420196213519,1.77726242632843,5.25541249938112,-3.63018555574964
0.781292234974982,1.69070187471823,0.314522927558315,0.917631439548109,0.427648786753287,0.833202953594459,-2.43079015523044,-4.6037360562907,-2.20753387230378,-6.52416894178214,-3.45235573461862
-0.932159029627813,-1.87945907228166,-0.440821698917825,-1.3360551643497,0.103683601901917,0.216099578406365,-0.493094732010493,-0.951693381959926,-1.36282330531861,-3.99731159185177,-5.73643967736835
-1.10446355120238,-2.14190165637263,1.92768021760147,5.68787626365645,1.07114566037727,2.11059360384255,-1.42885740984209,-2.72647544228746,-0.528888582372985,-1.55693233700524,6.93642085408889
-0.93507048642195,-1.85775103010956,3.33697487398741,9.84276177105666,3.119254916705,6.20261307922926,-0.253223499291355,-0.47387713579693,3.31482193442931,9.7819497917294,32.4814716793267
1.93072013990434,3.87929816931073,1.75959486447399,5.2191856138725,-0.782146335174751,-1.58606104977567,-2.3578590198874,-4.46680835386967,-0.837184376042284,-2.46685973894992,0.635074185370574
-0.203680292274558,-0.274239798482791,0.170496360296212,0.514419639478548,2.11573291702526,4.18916685064902,1.79750943676077,3.41800469056183,-1.14223041552635,-3.3832679392365,15.6705088812132
2.20362720078399,4.34716121353928,-2.07993823258041,-6.15808015197801,2.68654681908443,5.3659754798075,-3.54538126237222,-6.73381628832974,1.97347593570169,5.77926783452718,-0.656287164303131
-1.34682073935759,-2.68086296956632,1.81045396052665,5.39344723588918,2.21956838593097,4.45413314697626,-1.54587368407181,-2.93503241677441,2.61941554255028,7.72871486143119,15.5248478987013
-1.30720848651548,-2.61544475258553,-0.825491748443414,-2.42409299711172,3.50937729657743,6.99509561166605,1.44044020459266,2.73675980087559,-0.354165842210367,-1.06049837075312,13.6662142024553
-0.382480018885219,-0.768194689828824,1.16487469581616,3.3769021563538,0.167359209116897,0.348852071173675,-0.992624594980908,-1.89260517525992,-0.226920387299193,-0.680104212369743,1.3572189051626
-2.3830397987079,-4.80718543977803,-1.4185401821479,-4.2285895917116,1.4830303453507,2.94132231677012,-0.0258415153455548,-0.058500912983928,0.601269514127736,1.76391533159438,-4.59226859196664
-0.404021367788559,-0.850998157518553,0.589264329836397,1.70380356763904,-0.0930711949230898,-0.219859996189387,-0.918877082567741,-1.76029617582617,-2.92984061836851,-8.62813923343362,-5.8362545015189
-0.982881998702879,-1.87293556418928,-3.90013265829622,-11.4481387164052,0.261917174979768,0.414191550922842,-0.621403777030912,-1.18458628018654,1.3026242887692,3.8485587799343,-21.5606569175631
0.0685579430026988,0.165885135602244,1.97636512113051,5.91124290459432,-0.511657571870352,-1.03155803299749,-2.86655362603844,-5.46028706206286,-1.34524527398469,-3.9622627211472,-1.44613460762553
